Aerosmith,A Little South Of Sanity Disc 1,Falling In Love (Is Hard On The Knees),209
Aerosmith,A Little South Of Sanity Disc 1,Hole In My Soul,340
Aerosmith,A Little South Of Sanity Disc 1,Monkey On My Back,248
Aerosmith,A Little South Of Sanity Disc 2,Mama Kin,249
Aerosmith,A Little South Of Sanity Disc 2,Dude Looks Like A Lady,261
Aerosmith,Aerosmith,Make It,220
Aerosmith,Aerosmith,Somebody,225
Aerosmith,Aerosmith,One Way Street,422
Aerosmith,Aerosmith,Write Me A Letter,252
Aerosmith,Aerosmith,Movin' Out,302
Aerosmith,Aerosmith,Walkin' The Dog,192
Aerosmith,Big Ones,Walk On Water,295
Aerosmith,Big Ones,Love In An Elevator,321
Aerosmith,Big Ones,Rag Doll,264
Aerosmith,Big Ones,What It Takes,310
Aerosmith,Big Ones,Dude (Looks Like A Lady),264
Aerosmith,Big Ones,Janie's Got A Gun,330
Aerosmith,Big Ones,Cryin',309
Aerosmith,Big Ones,Amazing,356
Aerosmith,Big Ones,Blind Man,240
Aerosmith,Big Ones,Deuces Are Wild,215
Aerosmith,Big Ones,The Other Side,244
Aerosmith,Big Ones,Crazy,316
Aerosmith,Big Ones,Eat The Rich,250
Aerosmith,Big Ones,Angel,307
Aerosmith,Big Ones,Livin' On The Edge,381
Aerosmith,Done With Mirrors,Let The Music Do The Talking,228
Aerosmith,Done With Mirrors,My Fist Your Face,263
Aerosmith,Done With Mirrors,Shame On You,202
Aerosmith,Done With Mirrors,The Reason A Dog,253
Aerosmith,Done With Mirrors,Shela,265
Aerosmith,Done With Mirrors,Gypsy Boots,256
Aerosmith,Done With Mirrors,She's On Fire,227
Aerosmith,Done With Mirrors,The Hop,225
Aerosmith,Done With Mirrors,Darkness,223
Aerosmith,Draw The Line,I Wanna Know Why,189
Aerosmith,Draw The Line,Critical Mass,292
Aerosmith,Draw The Line,Get It Up,242
Aerosmith,Draw The Line,Bright Light Fright,140
Aerosmith,Draw The Line,The Hand That Feeds,263
Aerosmith,Draw The Line,Sight For Sore Eyes,236
Aerosmith,Draw The Line,Milk Cow Blues,253
Aerosmith,Gems,Rats In The Cellar,246
Aerosmith,Gems,Lick And A Promise,185
Aerosmith,Gems,Chip Away The Stone,241
Aerosmith,Gems,No Surprize,267
Aerosmith,Gems,Adam's Apple,275
Aerosmith,Gems,Nobody's Fault,261
Aerosmith,Gems,Round And Round,306
Aerosmith,Gems,Lord Of The Thighs,256
Aerosmith,Gems,Jailbait,281
Aerosmith,Gems,Train Kept A Rollin',341
Aerosmith,Get A Grip,Intro,24
Aerosmith,Get A Grip,Get A Grip,237
Aerosmith,Get A Grip,Fever,255
Aerosmith,Get A Grip,Flesh,356
Aerosmith,Get A Grip,Walk On Down,219
Aerosmith,Get A Grip,Shut Up And Dance,295
Aerosmith,Get A Grip,Gotta Love It,358
Aerosmith,Get A Grip,Line Up,242
Aerosmith,Get A Grip,Boogie Man,136
Aerosmith,Get Your Wings,Spaced,261
Aerosmith,Get Your Wings,Woman of the World,350
Aerosmith,Get Your Wings,SOS,171
Aerosmith,Get Your Wings,Seasons of Wither,338
Aerosmith,Get Your Wings,Pandora's Box,343
Aerosmith,Greatest Hits,Dream On,267
Aerosmith,Greatest Hits,Same Old Song and Dance,185
Aerosmith,Greatest Hits,Sweet Emotion,195
Aerosmith,Greatest Hits,Walk This Way,213
Aerosmith,Greatest Hits,Last Child,208
Aerosmith,Greatest Hits,Back in the Saddle,282
Aerosmith,Greatest Hits,Draw the Line,203
Aerosmith,Greatest Hits,Kings and Queens,229
Aerosmith,Greatest Hits,Come Together,226
Aerosmith,Greatest Hits,Remember (Walking in the Sand),244
Aerosmith,Honkin' On Bobo,Road Runner,225
Aerosmith,Honkin' On Bobo,Shame Shame Shame,134
Aerosmith,Honkin' On Bobo,Eyesight To The Blind,190
Aerosmith,Honkin' On Bobo,Baby Please Don't Go,203
Aerosmith,Honkin' On Bobo,Never Loved A Girl,192
Aerosmith,Honkin' On Bobo,Back Back Train,263
Aerosmith,Honkin' On Bobo,You Gotta Move,330
Aerosmith,Honkin' On Bobo,The Grind,226
Aerosmith,Honkin' On Bobo,I'm Ready,255
Aerosmith,Honkin' On Bobo,Temperature,171
Aerosmith,Honkin' On Bobo,Stop Messin' Around,272
Aerosmith,Honkin' On Bobo,Jesus Is On The Main Line,168
Aerosmith,Just Push Play,Beyond Beautiful,285
Aerosmith,Just Push Play,Just Push Play,231
Aerosmith,Just Push Play,Jaded,215
Aerosmith,Just Push Play,Fly Away From Here,301
Aerosmith,Just Push Play,Trip Hoppin',267
Aerosmith,Just Push Play,Sunshine,217
Aerosmith,Just Push Play,Under My Skin,227
Aerosmith,Just Push Play,Luv Lies,266
Aerosmith,Just Push Play,Outta Your Head,202
Aerosmith,Just Push Play,Drop Dead Gorgeous,222
Aerosmith,Just Push Play,Light Inside,214
Aerosmith,Just Push Play,Avant Garden,395
Aerosmith,Night In The Ruts,Chiquita,264
Aerosmith,Night In The Ruts,Remember,244
Aerosmith,Night In The Ruts,Cheese Cake,255
Aerosmith,Night In The Ruts,Three Mile Smile,222
Aerosmith,Night In The Ruts,Reefer Head Woman,241
Aerosmith,Night In The Ruts,Bone To Bone,178
Aerosmith,Night In The Ruts,Think About It,214
Aerosmith,Night In The Ruts,Mia,254
Aerosmith,Nine Lives,Nine Lives,241
Aerosmith,Nine Lives,Falling in Love is Hard on the,205
Aerosmith,Nine Lives,Taste of India,353
Aerosmith,Nine Lives,Full Circle,300
Aerosmith,Nine Lives,Something's Gotta Give,216
Aerosmith,Nine Lives,Ain't That a Bitch,325
Aerosmith,Nine Lives,The Farm,267
Aerosmith,Nine Lives,Crash,265
Aerosmith,Nine Lives,Kiss Your Past Good-Bye,271
Aerosmith,Nine Lives,Pink,235
Aerosmith,Nine Lives,Attitude Adjustment,224
Aerosmith,Nine Lives,Fallen Angels,496
Aerosmith,Permanent Vacation,Heart's Done Time,282
Aerosmith,Permanent Vacation,Magic Touch,277
Aerosmith,Permanent Vacation,Simoriah,201
Aerosmith,Permanent Vacation,St. John,250
Aerosmith,Permanent Vacation,Hangman Jury,331
Aerosmith,Permanent Vacation,Girl Keeps Coming Apart,253
Aerosmith,Permanent Vacation,Permanent Vacation,288
Aerosmith,Permanent Vacation,I'm Down,139
Aerosmith,Permanent Vacation,The Movie,240
Aerosmith,Pump,Young Lust,259
Aerosmith,Pump,FINE,249
Aerosmith,Pump,Dulcimer Stomp / The Other Side,296
Aerosmith,Pump,My Girl,190
Aerosmith,Pump,Don't Get Mad Get Even,289
Aerosmith,Pump,Voodoo Medicine Man,279
Aerosmith,Rock In A Hard Place,Lightning strikes,266
Aerosmith,Rock In A Hard Place,Bitch's brew,253
Aerosmith,Rock In A Hard Place,Bolivian ragamuffin,212
Aerosmith,Rock In A Hard Place,Cry me a river,246
Aerosmith,Rock In A Hard Place,Prelude to joanie,80
Aerosmith,Rock In A Hard Place,Joanie's butterfly,335
Aerosmith,Rock In A Hard Place,Rock in a hard place,285
Aerosmith,Rock In A Hard Place,Jig is up,190
Aerosmith,Rock In A Hard Place,Push comes to shove,268
Aerosmith,Toys In The Attic,Toys In The Attic,186
Aerosmith,Toys In The Attic,Uncle Salty,250
Aerosmith,Toys In The Attic,Big Ten Inch Record,136
Aerosmith,Toys In The Attic,No More No More,274
Aerosmith,Toys In The Attic,You See Me Crying,311
Beatles,1,Love Me Do,140
Beatles,1,From Me To You,116
Beatles,1,She Loves You,141
Beatles,1,I Want To Hold Your Hand,145
Beatles,1,Can't Buy Me Love,131
Beatles,1,A Hard Day's Night,153
Beatles,1,I Feel Fine,138
Beatles,1,Eight Days A Week,164
Beatles,1,Ticket To Ride,190
Beatles,1,Help,138
Beatles,1,Yesterday,125
Beatles,1,Day Tripper,168
Beatles,1,We Can Work It Out,135
Beatles,1,Paperback Writer,138
Beatles,1,Yellow Submarine,158
Beatles,1,Eleanor Rigby,126
Beatles,1,Penny Lane,179
Beatles,1,All You Need Is Love,227
Beatles,1,Hello Goodbye,207
Beatles,1,Lady Madonna,136
Beatles,1,Hey Jude,424
Beatles,1,Get Back,192
Beatles,1,The Ballad Of John And Yoko,179
Beatles,1,Something,181
Beatles,1,Come Together,258
Beatles,1,Let It Be,230
Beatles,1,The Long And Winding Road,221
Beatles,Abbey Road,Maxwell's Silver Hammer,207
Beatles,Abbey Road,Oh! Darling,206
Beatles,Abbey Road,Octopus's Garden,171
Beatles,Abbey Road,I Want You,467
Beatles,Abbey Road,Here Comes the Sun,185
Beatles,Abbey Road,Because,165
Beatles,Abbey Road,You Never Give Me Your Money,242
Beatles,Abbey Road,Sun King,146
Beatles,Abbey Road,Mean Mr Mustard,66
Beatles,Abbey Road,Polythene Pam,72
Beatles,Abbey Road,She Came in Through the Bathro,117
Beatles,Abbey Road,Golden Slumbers,91
Beatles,Abbey Road,Carry That Weight,96
Beatles,Abbey Road,The End,139
Beatles,Abbey Road,Her Majesty,23
Beatles,LET IT BE,Two Of Us,216
Beatles,LET IT BE,Dig A Pony,234
Beatles,LET IT BE,Across The Universe,228
Beatles,LET IT BE,I Me Mine,145
Beatles,LET IT BE,Dig It,50
Beatles,LET IT BE,Maggie Mae,40
Beatles,LET IT BE,I've Got A Feeling,218
Beatles,LET IT BE,One After 909,175
Beatles,LET IT BE,For You Blue,152
Beatles,Magical Mystery Tour,Magical Mystery Tour,171
Beatles,Magical Mystery Tour,The Fool On The Hill,180
Beatles,Magical Mystery Tour,Flying,137
Beatles,Magical Mystery Tour,Blue Jay Way,236
Beatles,Magical Mystery Tour,Your Mother Should Know,149
Beatles,Magical Mystery Tour,I Am The Walrus,277
Beatles,Magical Mystery Tour,Hello Goodbye,211
Beatles,Magical Mystery Tour,Strawberry Fields Forever,250
Beatles,Magical Mystery Tour,Baby You're A Rich Man,183
Beatles,Please Please Me,I Saw Her Standing There,175
Beatles,Please Please Me,Misery,110
Beatles,Please Please Me,Anna,177
Beatles,Please Please Me,Chains,146
Beatles,Please Please Me,Boys,147
Beatles,Please Please Me,Ask Me Why,147
Beatles,Please Please Me,Please Please Me,123
Beatles,Please Please Me,P.S I Love You,125
Beatles,Please Please Me,Baby It's You,158
Beatles,Please Please Me,Do You Want To Know A Secret,119
Beatles,Please Please Me,A Taste of Honey,125
Beatles,Please Please Me,There's A Place,112
Beatles,Please Please Me,Twist And Shout,155
Beatles,Revolver,Taxman,159
Beatles,Revolver,I'm Only Sleeping,181
Beatles,Revolver,Love You To,181
Beatles,Revolver,Here There And Everywhere,145
Beatles,Revolver,She Said She Said,157
Beatles,Revolver,Good Day Sunshine,129
Beatles,Revolver,And Your Bird Can Sing,121
Beatles,Revolver,For no One,121
Beatles,Revolver,Doctor Robert,135
Beatles,Revolver,I Want to Tell You,149
Beatles,Revolver,Got to Get You Into my Life,150
Beatles,Revolver,Tomorrow Never Knows,177
Beatles,Sgt. Pepper's Lonely Hearts Club Band,Sgt. Pepper's Lonely Hearts Club Band,122
Beatles,Sgt. Pepper's Lonely Hearts Club Band,With A Little Help From My Friends,164
Beatles,Sgt. Pepper's Lonely Hearts Club Band,Lucy In The Sky With Diamonds,208
Beatles,Sgt. Pepper's Lonely Hearts Club Band,Getting Better,167
Beatles,Sgt. Pepper's Lonely Hearts Club Band,Fixing A Hole,156
Beatles,Sgt. Pepper's Lonely Hearts Club Band,She's Leaving Home,215
Beatles,Sgt. Pepper's Lonely Hearts Club Band,Being For The Benefit Of Mr. Kite,157
Beatles,Sgt. Pepper's Lonely Hearts Club Band,Within You Without You,305
Beatles,Sgt. Pepper's Lonely Hearts Club Band,When I'm Sixty-Four,157
Beatles,Sgt. Pepper's Lonely Hearts Club Band,Lovely Rita,162
Beatles,Sgt. Pepper's Lonely Hearts Club Band,Good Morning Good Morning,161
Beatles,Sgt. Pepper's Lonely Hearts Club Band,Sgt. Pepper's Lonely Hearts Club Band Reprise,78
Beatles,Sgt. Pepper's Lonely Hearts Club Band,A Day In The Life,333
Beatles,The Beatles (Disc 1),Back In The U.S.S.R.,163
Beatles,The Beatles (Disc 1),Dear Prudence,236
Beatles,The Beatles (Disc 1),Glass Onion,137
Beatles,The Beatles (Disc 1),Ob-La-Di Ob-La-Da,188
Beatles,The Beatles (Disc 1),Wild Honey Pie,61
Beatles,The Beatles (Disc 1),The Continuing Story Of Bungalow Bill,185
Beatles,The Beatles (Disc 1),While My Guitar Gently Weeps,285
Beatles,The Beatles (Disc 1),Happiness Is A Warm Gun,163
Beatles,The Beatles (Disc 1),Martha My Dear,148
Beatles,The Beatles (Disc 1),I'm So Tired,123
Beatles,The Beatles (Disc 1),Blackbird,138
Beatles,The Beatles (Disc 1),Piggies,124
Beatles,The Beatles (Disc 1),Rocky Raccoon,221
Beatles,The Beatles (Disc 1),Don't Pass Me By,222
Beatles,The Beatles (Disc 1),Why Don't We Do It In The Road,101
Beatles,The Beatles (Disc 1),I Will,106
Beatles,The Beatles (Disc 1),Julia,174
Beatles,White Album (disc 2),Birthday,162
Beatles,White Album (disc 2),Yer Blues,241
Beatles,White Album (disc 2),Mother Nature's Son,168
Beatles,White Album (disc 2),Everybody's Got Something To Hide Except Me and My Monkey,144
Beatles,White Album (disc 2),Sexy Sadie,195
Beatles,White Album (disc 2),Helter Skelter,269
Beatles,White Album (disc 2),Long Long Long,184
Beatles,White Album (disc 2),Revolution 1,255
Beatles,White Album (disc 2),Honey Pie,161
Beatles,White Album (disc 2),Savoy Truffle,174
Beatles,White Album (disc 2),Cry Baby Cry,191
Beatles,White Album (disc 2),Revolution 9,493
Beatles,White Album (disc 2),Good Night,191
Beatles,Yellow Submarine,Only A Northern Song,207
Beatles,Yellow Submarine,All Together Now,133
Beatles,Yellow Submarine,Hey Bulldog,194
Beatles,Yellow Submarine,It's All Too Much,388
Beatles,Yellow Submarine,Pepperland,144
Beatles,Yellow Submarine,Sea Of Time,180
Beatles,Yellow Submarine,Sea Of Holes,140
Beatles,Yellow Submarine,Sea Of Monsters,219
Beatles,Yellow Submarine,March Of The Meanies,142
Beatles,Yellow Submarine,Pepperland Laid Waste,135
Beatles,Yellow Submarine,Yellow Submarine In Pepperland,132
Charlie Daniels Band,A Decade Of Hits,The Devil Went Down To Georgia,215
Charlie Daniels Band,A Decade Of Hits,The South's Gonna Do It Again,238
Charlie Daniels Band,A Decade Of Hits,Stroker's Theme,170
Charlie Daniels Band,A Decade Of Hits,Uneasy Rider,318
Charlie Daniels Band,A Decade Of Hits,Let It Roll,172
Charlie Daniels Band,A Decade Of Hits,In America,198
Charlie Daniels Band,A Decade Of Hits,Still In Saigon,232
Charlie Daniels Band,A Decade Of Hits,Long Haired Country Boy,240
Charlie Daniels Band,A Decade Of Hits,The Legend Of Wooley Swamp,255
Charlie Daniels Band,A Decade Of Hits,Everytime I See Him,201
Frank Sinatra,A Swingin' Affair!,Night And Day,240
Frank Sinatra,A Swingin' Affair!,I Wish I Were In Love Again,149
Frank Sinatra,A Swingin' Affair!,I Got Plenty O' Nuttin',190
Frank Sinatra,A Swingin' Affair!,I Guess I'll Have To Change My Plans,144
Frank Sinatra,A Swingin' Affair!,Nice Work If You Can Get It,141
Frank Sinatra,A Swingin' Affair!,Stars Fell On Alabama,158
Frank Sinatra,A Swingin' Affair!,No One Ever Tells You,205
Frank Sinatra,A Swingin' Affair!,I Won't Dance,203
Frank Sinatra,A Swingin' Affair!,Lonesome Road,234
Frank Sinatra,A Swingin' Affair!,At Long Last Love,143
Frank Sinatra,A Swingin' Affair!,You'd Be So Nice To Come Home To,124
Frank Sinatra,A Swingin' Affair!,I Got It Bad and That Ain't Good,202
Frank Sinatra,A Swingin' Affair!,From This Moment On,232
Frank Sinatra,A Swingin' Affair!,If I Had You,156
Frank Sinatra,A Swingin' Affair!,Oh! Look At Me Now,170
Frank Sinatra,A Swingin' Affair!,The Lady Is A Tramp,196
Garth Brooks,Double Live,Ain't Goin' Down ('Til The Sun Comes Up),286
Garth Brooks,Double Live,Rodeo,219
Garth Brooks,Double Live,Two Pi√±a Coladas,268
Garth Brooks,Double Live,Wild As The Wind (The Duet With Trisha Yearwood),251
Garth Brooks,Double Live,To Make You Feel My Love,179
Garth Brooks,Double Live,That Summer,284
Garth Brooks,Double Live,Amerivcan Honky-Tonk Bar Association,247
Garth Brooks,Double Live,If Tomorrow Never Comes,225
Garth Brooks,Double Live,Friends In Low Places (The Long Version),537
Garth Brooks,Double Live,The Dance,237
Garth Brooks,Double Live,More Than a Memory (Live),209
Garth Brooks,Double Live,Workin' for Livin' (The Duet with Huey Lewis) (Live),201
Garth Brooks,Double Live,The River (Live),229
Garth Brooks,Double Live (disc 1),Callin' Baton Rouge (Live),177
Garth Brooks,Double Live (disc 1),Two Of A Kind Workin' On A Full House (Live),158
Garth Brooks,Double Live (disc 1),Shameless (Live),242
Garth Brooks,Double Live (disc 1),Papa Loved Mama (Live),165
Garth Brooks,Double Live (disc 1),The Thunder Rolls (The Long Version) (Live),289
Garth Brooks,Double Live (disc 1),We Shall Be Free (Live),284
Garth Brooks,Double Live (disc 1),Unanswered Prayers (Live),222
Garth Brooks,Double Live (disc 1),Standing Outside The Fire (Live),216
Garth Brooks,Double Live (disc 1),Longneck Bottle (With Special Guest Steve Wariner) (Live),164
Garth Brooks,Double Live (disc 1),It's Your Song (Live),258
Garth Brooks,Double Live (disc 1),Much Too Young (To Feel This Damn Old) (Live),194
Garth Brooks,Double Live (disc 1),The river - live,221
Garth Brooks,Double Live (disc 1),Applause From The Audience (Live),6
Garth Brooks,Double Live (disc 1),Tearin' It Up (And Burnin' It Down) (Live),238
Garth Brooks,Fresh Horses,The Old Stuff,252
Garth Brooks,Fresh Horses,Cowboys And Angels,196
Garth Brooks,Fresh Horses,The Fever,160
Garth Brooks,Fresh Horses,That Ol' Wind,322
Garth Brooks,Fresh Horses,Rollin',244
Garth Brooks,Fresh Horses,The Change,246
Garth Brooks,Fresh Horses,The Beaches Of Cheyenne,252
Garth Brooks,Fresh Horses,It's Midnight Cinderella,142
Garth Brooks,Fresh Horses,She's Every Woman,173
Garth Brooks,Fresh Horses,Ireland,301
Garth Brooks,Garth Brooks,Not Counting on You / Garth Brooks,154
Garth Brooks,Garth Brooks,I've got a Good Thing Going / Garth Brooks,174
Garth Brooks,Garth Brooks,If Tomorrow never comes / Garth Brooks,222
Garth Brooks,Garth Brooks,Everytime that it Rains / Garth Brooks,252
Garth Brooks,Garth Brooks,Alabama Clay / Garth Brooks,219
Garth Brooks,Garth Brooks,Much to Young / Garth Brooks,178
Garth Brooks,Garth Brooks,Cowboy Bill / Garth Brooks,274
Garth Brooks,Garth Brooks,Nobody gets off in this Town / Garth Brooks,139
Garth Brooks,Garth Brooks,I Know One / Garth Brooks,174
Garth Brooks,Garth Brooks,The Dance / Garth Brooks,220
Garth Brooks,Garth Brooks,Not Counting You,154
Garth Brooks,Garth Brooks,I've Got a Good Thing Going,174
Garth Brooks,Garth Brooks,Everytime That It Rains,252
Garth Brooks,Garth Brooks,Alabama Clay,219
Garth Brooks,Garth Brooks,Cowboy Bill,273
Garth Brooks,Garth Brooks,Nobody Gets Off in This Town,139
Garth Brooks,Garth Brooks,I Know One,175
Garth Brooks,In Pieces,Standing Outside The Fire,232
Garth Brooks,In Pieces,The Night I Called The Old Man Out,192
Garth Brooks,In Pieces,American Honkey-Tonk Bar Association,212
Garth Brooks,In Pieces,One Night A Day,255
Garth Brooks,In Pieces,Kickin And Screamin,241
Garth Brooks,In Pieces,Aint Giong Down Til The Sun Comes Up,273
Garth Brooks,In Pieces,The Red Strokes,224
Garth Brooks,In Pieces,Callin Baton Rouge,158
Garth Brooks,In Pieces,The Night Will Only Know,235
Garth Brooks,In Pieces,The Cowboy Song,237
Garth Brooks,In Pieces,Kickin' and Screamin',243
Garth Brooks,In Pieces,Ain't Going Down ('Til the Sun Comes Up),273
Garth Brooks,Man Against Machine,Man Against Machine,317
Garth Brooks,Man Against Machine,She's Tired of Boys,308
Garth Brooks,Man Against Machine,Cold Like That,305
Garth Brooks,Man Against Machine,All-American Kid,267
Garth Brooks,Man Against Machine,Mom,243
Garth Brooks,Man Against Machine,Wrong About You,116
Garth Brooks,Man Against Machine,Rodeo and Juliet,145
Garth Brooks,Man Against Machine,Midnight Train,319
Garth Brooks,Man Against Machine,Cowboys Forever,226
Garth Brooks,Man Against Machine,People Loving People,219
Garth Brooks,Man Against Machine,Send 'Em On Down the Road,254
Garth Brooks,Man Against Machine,Fish,275
Garth Brooks,Man Against Machine,You Wreck Me,244
Garth Brooks,Man Against Machine,Tacoma,227
Garth Brooks,No Fences (Special Edition),The Thunder Rolls,224
Garth Brooks,No Fences (Special Edition),New Way To Fly,234
Garth Brooks,No Fences (Special Edition),Two Of A Kind Workin' On A Full House,152
Garth Brooks,No Fences (Special Edition),Victim Of The Game,186
Garth Brooks,No Fences (Special Edition),This Ain't Tennessee,248
Garth Brooks,No Fences (Special Edition),Wild Horses,189
Garth Brooks,No Fences (Special Edition),Unanswered Prayers,205
Garth Brooks,No Fences (Special Edition),Same Old Story,172
Garth Brooks,No Fences (Special Edition),Mr. Blue,198
Garth Brooks,No Fences (Special Edition),Wolves,252
Garth Brooks,Ropin' The Wind,Against The Grain,142
Garth Brooks,Ropin' The Wind,Burning Bridges,215
Garth Brooks,Ropin' The Wind,Cold Shoulder,235
Garth Brooks,Ropin' The Wind,We Bury The Hatchet,184
Garth Brooks,Ropin' The Wind,In Lonesome Dove,288
Garth Brooks,Ropin' The Wind,The River,266
Garth Brooks,Scarecrow,Why Ain't I Running,272
Garth Brooks,Scarecrow,Beer Run (B-Double E-Double Are You In?) (The Duet With George Jones),150
Garth Brooks,Scarecrow,Wrapped Up In You,283
Garth Brooks,Scarecrow,The Storm,276
Garth Brooks,Scarecrow,Thicker Than Blood,173
Garth Brooks,Scarecrow,Big Money,241
Garth Brooks,Scarecrow,Squeeze Me In (The Duet With Trisha Yearwood),212
Garth Brooks,Scarecrow,Mr Midnight,243
Garth Brooks,Scarecrow,Pushing Up Daisies,259
Garth Brooks,Scarecrow,Rodeo Or Mexico,262
Garth Brooks,Scarecrow,Don't Cross The River,248
Garth Brooks,Scarecrow,When You Come Back To Me Again (Theme From The Movie "Frequency"),284
Garth Brooks,Scarecrow,Beer Run (The duet with George Jones),149
Garth Brooks,Scarecrow,More Than a Memory,205
Garth Brooks,Scarecrow,Mr. Midnight,244
Garth Brooks,Scarecrow,Good Ride Cowboy,207
Garth Brooks,Scarecrow,When You Come Back to Me Again (Theme from the movie Frequency),284
Garth Brooks,Sevens,Two Pina Coladas,215
Garth Brooks,Sevens,In Another's Eyes,214
Garth Brooks,Sevens(The Remastered Series),Longneck Bottle,137
Garth Brooks,Sevens(The Remastered Series),How You Ever Gonna Know,216
Garth Brooks,Sevens(The Remastered Series),She's Gonna Make It,167
Garth Brooks,Sevens(The Remastered Series),I Don't Have To Wonder,184
Garth Brooks,Sevens(The Remastered Series),Cowboy Cadillac,171
Garth Brooks,Sevens(The Remastered Series),Fit For A King,239
Garth Brooks,Sevens(The Remastered Series),Do What You Gotta Do,179
Garth Brooks,Sevens(The Remastered Series),You Move Me,274
Garth Brooks,Sevens(The Remastered Series),In Another's Eyes (The Duet With Trisha Yearwood),214
Garth Brooks,Sevens(The Remastered Series),When There's No One Around,211
Garth Brooks,Sevens(The Remastered Series),A Friend To Me,185
Garth Brooks,Sevens(The Remastered Series),Take The Keys To My Heart,152
Garth Brooks,Sevens(The Remastered Series),Belleau Wood,208
Garth Brooks,The Chase,Somewhere Other Than The Night,192
Garth Brooks,The Chase,Mr. Right,121
Garth Brooks,The Chase,Every Now And Then,256
Garth Brooks,The Chase,Walking After Midnight,153
Garth Brooks,The Chase,Dixie Chicken,265
Garth Brooks,The Chase,Learning To Live Again,245
Garth Brooks,The Chase,Night Rider's Lament,245
Garth Brooks,The Chase,Face To Face,264
Garth Brooks,The Hits,Ain't Going Down (Til the Sun Comes Up),274
Garth Brooks,The Hits,Friends In Low Places,259
Garth Brooks,The Hits,Callin' Baton Rouge,156
Garth Brooks,The Hits,Much Too Young (To Feel This Damn Old),178
Garth Brooks,The Hits,American Honky-Tonk Bar Association,212
Garth Brooks,The Hits,What She's Doing Now,206
Garth Brooks,The Hits,We Shall Be Free,227
Garth Brooks,The Hits,Papa Loved Mama,171
Garth Brooks,The Hits,Shameless,258
Jimmy Buffett,Havana Daydreamin',Woman Goin' Crazy On Caroline Street,250
Jimmy Buffett,Havana Daydreamin',My Head Hurts My Feet Stink and I Don't Love Jesus,155
Jimmy Buffett,Havana Daydreamin',The Captain and the Kid,198
Jimmy Buffett,Havana Daydreamin',Big Rig,211
Jimmy Buffett,Havana Daydreamin',Defying Gravity,163
Jimmy Buffett,Havana Daydreamin',Havana Daydreamin',219
Jimmy Buffett,Havana Daydreamin',Cliches,166
Jimmy Buffett,Havana Daydreamin',Something So Feminine About a Mandolin,212
Jimmy Buffett,Havana Daydreamin',Kick It In Second Wind,237
Jimmy Buffett,Havana Daydreamin',This Hotel Room,190
Jimmy Buffett,Songs You Know by Heart,Cheeseburger in Paradise,172
Jimmy Buffett,Songs You Know by Heart,He Went to Paris,209
Jimmy Buffett,Songs You Know by Heart,Fins,205
Jimmy Buffett,Songs You Know by Heart,Son of a Son of a Sailor,205
Jimmy Buffett,Songs You Know by Heart,A Pirate Looks at Forty,232
Jimmy Buffett,Songs You Know by Heart,Margaritaville,251
Jimmy Buffett,Songs You Know by Heart,Come Monday,189
Jimmy Buffett,Songs You Know by Heart,Changes in Latitudes Changes in Attitudes,195
Jimmy Buffett,Songs You Know by Heart,Why Don't We Get Drunk,162
Jimmy Buffett,Songs You Know by Heart,Pencil Thin Mustache,170
Jimmy Buffett,Songs You Know by Heart,Grapefruit-Juicy Fruit,176
Jimmy Buffett,Songs You Know by Heart,Boat Drinks,157
Jimmy Buffett,Songs You Know by Heart,Volcano,218
Rush,2003 - The Spirit Of Radio Greatest Hits 1974 - 1987,2112 Overture / The Temples Of Syrinx,405
Rush,2003 - The Spirit Of Radio Greatest Hits 1974 - 1987,Closer To The Heart,173
Rush,2003 - The Spirit Of Radio Greatest Hits 1974 - 1987,The Trees,282
Rush,2003 - The Spirit Of Radio Greatest Hits 1974 - 1987,New World Man,223
Rush,2003 - The Spirit Of Radio Greatest Hits 1974 - 1987,Distant Early Warning,298
Rush,2003 - The Spirit Of Radio Greatest Hits 1974 - 1987,The Big Money,335
Rush,2007 - Snakes & Arrows,Far Cry,318
Rush,2007 - Snakes & Arrows,Armor And Sword,396
Rush,2007 - Snakes & Arrows,Workin' Them Angels,286
Rush,2007 - Snakes & Arrows,The Larger Bowl,247
Rush,2007 - Snakes & Arrows,Spindrift,323
Rush,2007 - Snakes & Arrows,The Main Monkey Business,361
Rush,2007 - Snakes & Arrows,The Way The Wind Blows,388
Rush,2007 - Snakes & Arrows,Hope,122
Rush,2007 - Snakes & Arrows,Faithless,331
Rush,2007 - Snakes & Arrows,Bravest Face,311
Rush,2007 - Snakes & Arrows,Good News First,291
Rush,2007 - Snakes & Arrows,Malignant Narcissism,136
Rush,2007 - Snakes & Arrows,We Hold On,252
Rush,2112,A Passage To Bangkok,214
Rush,2112,The Twilight Zone,199
Rush,2112,Lessons,232
Rush,2112,Tears,214
Rush,A Farewell To Kings,Madrigal,156
Rush,A Show Of Hands,Intro,53
Rush,A Show Of Hands,Marathon,399
Rush,A Show Of Hands,Turn The Page,281
Rush,A Show Of Hands,Mission,346
Rush,A Show Of Hands,Witch Hunt,240
Rush,A Show Of Hands,The Rhythm Method,277
Rush,A Show Of Hands,Red Sector A,318
Rush,All The World's A Stage,Fly By Night In the Mood,305
Rush,All The World's A Stage,In the End,434
Rush,All The World's A Stage,Working Man Finding My Way,860
Rush,Bootlegs (Alex Lifeson),Andromeda Theme (March of the High Guard) (soundtrack version),59
Rush,Bootlegs (Alex Lifeson),Andromeda Theme (March of the High Guard) (tv version),57
Rush,Bootlegs (Alex Lifeson),I Am The Spirit (radio edit),289
Rush,Bootlegs (Alex Lifeson),The Little Drummer Boy,203
Rush,Bootlegs (Alex Lifeson),Andromeda Theme (March of the High Guard),57
Rush,Bootlegs (Alex Lifeson),Promise (radio edit),300
Rush,Bootlegs (Alex Lifeson),Run Willie Run,104
Rush,Bootlegs (DJ Z-Trip),Tom Sawyer (Small Soldiers Alternative Punchit Scratchit Remix),262
Rush,Bootlegs (DJ Z-Trip),Tom Sawyer (Small Soldiers Remix),396
Rush,Bootlegs (DJ Z-Trip),Tom Sawyer (Small Soldiers Rock Slamfist Remix),221
Rush,Bootlegs (Geddy Lee & Alex Lifeson),O Canada (South Park),71
Rush,Bootlegs (Geddy Lee),Get Ready,73
Rush,Bootlegs (Geddy Lee),O Canada,137
Rush,Bootlegs (live),Analog Kid (live prerelease),306
Rush,Bootlegs (live),Bad Boy (live),346
Rush,Bootlegs (live),Bad Boy with Guitar Solo (live),438
Rush,Bootlegs (live),Best I Can (live prerelease),189
Rush,Bootlegs (live),Between Sun and Moon (live),297
Rush,Bootlegs (live),Between the Wheels (live),348
Rush,Bootlegs (live),Big Money (live prerelease),321
Rush,Bootlegs (live),Blues Improvisation (live),186
Rush,Bootlegs (live),Body Electric (liveprerelease),312
Rush,Bootlegs (live),Afterimage (live),306
Rush,Bootlegs (live),By-Tor Saga with Happy Trails intro (live),1112
Rush,Bootlegs (live),Ceiling Unlimited (live),347
Rush,Bootlegs (live),Chemistry (live),296
Rush,Bootlegs (live),Circumstances (live),229
Rush,Bootlegs (live),Closer To The Heart (live),377
Rush,Bootlegs (live),Closer To The Heart  (promo edit),303
Rush,Bootlegs (live),Closer to the Heart (Spanish guitar intro),216
Rush,Bootlegs (live),Cold Fire (live),308
Rush,Bootlegs (live),Countdown (live),353
Rush,Bootlegs (live),Country Ditty (live '02),28
Rush,Bootlegs (live),Country Ditty (live '74),56
Rush,Bootlegs (live),Country Ditty (live '81),28
Rush,Bootlegs (live),Country Improvisation (live),159
Rush,Bootlegs (live),Digital Man (live),399
Rush,Bootlegs (live),Distant Early Warning (live B-side),365
Rush,Bootlegs (live),Double Agent (live),315
Rush,Bootlegs (live),Dueling Bangos (live),55
Rush,Bootlegs (live),Earthshine (live),337
Rush,Bootlegs (live),Entre Nous (prerelease soundcheck),281
Rush,Bootlegs (live),Fancy Dancer (live),234
Rush,Bootlegs (live),Fly By Night (live prerelease),213
Rush,Bootlegs (live),Force Ten (Japanese Different Stages Live),287
Rush,Bootlegs (live),Freewill (live prerelease),356
Rush,Bootlegs (live),Gardenroad,184
Rush,Bootlegs (live),Geddy Lee Getting Pissed Off at Crowd,34
Rush,Bootlegs (live),Ghost of a Chance (live),332
Rush,Bootlegs (live),Ghost Rider (live),347
Rush,Bootlegs (live),Grand Designs (live),299
Rush,Bootlegs (live),Half the World (live),239
Rush,Bootlegs (live),Hemispheres (live),1121
Rush,Bootlegs (live),Here Again (live),475
Rush,Bootlegs (live),In The End (live),403
Rush,Bootlegs (live),In The Mood with Jazz Bass (live),230
Rush,Bootlegs (live),Kid Gloves (live prerelease),270
Rush,Bootlegs (live),La Villa Strangiato 1981 (live),556
Rush,Bootlegs (live),La Villa Strangiato 1982 (live),608
Rush,Bootlegs (live),La Villa Strangiato (live),556
Rush,Bootlegs (live),Limbo (live),353
Rush,Bootlegs (live),Limbo (pre-release),322
Rush,Bootlegs (live),Limelight (live),262
Rush,Bootlegs (live),Limelight (live prerelease),280
Rush,Bootlegs (live),Lock and Key (live),377
Rush,Bootlegs (live),Middletown Dreams (live prerel,351
Rush,Bootlegs (live),Natural Science (live),498
Rush,Bootlegs (live),Need Some Love (live),194
Rush,Bootlegs (live),New World Man (live B-side),243
Rush,Bootlegs (live),New World Man (live),246
Rush,Bootlegs (live),One Little Victory (live),377
Rush,Bootlegs (live),Paint It Black (live - instrumental),73
Rush,Bootlegs (live),Prime Mover (live),335
Rush,Bootlegs (live),Red Lenses with Drum Solo (live),664
Rush,Bootlegs (live),Red Lenses with solo base (live),336
Rush,Bootlegs (live),Red Sector A (live B-side),326
Rush,Bootlegs (live),Red Sector A (liveprerelease),344
Rush,Bootlegs (live),Resist (unplugged),252
Rush,Bootlegs (live),Rock Improvisation (live),26
Rush,Bootlegs (live),Rock Improv,26
Rush,Bootlegs (live),Scars (live),264
Rush,Bootlegs (live),Secret Touch (live),418
Rush,Bootlegs (live),Sound Check Jam with Billy Sheehan,890
Rush,Bootlegs (live),Subdivisions (live prerelease),337
Rush,Bootlegs (live),Superconductor (live),322
Rush,Bootlegs (live),Territories (live),395
Rush,Bootlegs (live),The Camera Eye (live),653
Rush,Bootlegs (live),The Enemy Within (live B-side),305
Rush,Bootlegs (live),The Enemy Within (live),295
Rush,Bootlegs (live),The Pass (live),309
Rush,Bootlegs (live),The Spirit of Radio (live prerelease),351
Rush,Bootlegs (live),The Trees (live),299
Rush,Bootlegs (live),The Weapon (live),461
Rush,Bootlegs (live),Time and Motion (live),300
Rush,Bootlegs (live),Tom Sawyer (live prerelease),287
Rush,Bootlegs (live),Twilight Zone (live),225
Rush,Bootlegs (live),Virtuality (live),351
Rush,Bootlegs (live),Vital Signs (live '92),292
Rush,Bootlegs (live),Vital Signs (live B-side),299
Rush,Bootlegs (live),Warpaint (live),350
Rush,Bootlegs (live),Where's My Thing (live scanner),340
Rush,Bootlegs (live),Where's My Thing (live soundboard),330
Rush,Bootlegs (live),Wipeout with Jazz Bass (live),43
Rush,Bootlegs (live),Witch Hunt (live B-side),301
Rush,Bootlegs (live),Working Man (rockabiliy),220
Rush,Bootlegs (live),Working Man with Armageddon (live),132
Rush,Bootlegs (live),Working Man with By-Tor and the Snow Dog with Drum Solo (live),812
Rush,Bootlegs (live),Working Man with Finding My Way with Anthem (live),583
Rush,Bootlegs (live),Xanadu (live-prerelease),630
Rush,Bootlegs (Neil Peart),Leave That Thing Alone (drums only),246
Rush,Bootlegs (Neil Peart),Momo's Dance Party,186
Rush,Bootlegs (Neil Peart),Pieces of Eight,291
Rush,Bootlegs (Neil Peart),The Drum Also Waltzes,122
Rush,Bootlegs (studio),Bravado (edit),229
Rush,Bootlegs (studio),Between Sun & Moon (prerelease),282
Rush,Bootlegs (studio),Carve Away the Stone (AWiP prerelease),241
Rush,Bootlegs (studio),It's A Rap Part 3 (Neil Peart),330
Rush,Bootlegs (studio),Big Money (video edit),292
Rush,Bootlegs (studio),The Spirit of Radio (Second edit),202
Rush,Bootlegs (studio),One Little Victory (instrumental edit),247
Rush,Bootlegs (studio),Animate (pre-release),358
Rush,Bootlegs (studio),It's A Rap Part 1 (Alex Lifeson),277
Rush,Bootlegs (studio),Can't Fight It,175
Rush,Bootlegs (studio),Cold Fire (pre-release),269
Rush,Bootlegs (studio),Cut to the Chase (pre-release),291
Rush,Bootlegs (studio),Dog Years (AWiP prerelease),310
Rush,Bootlegs (studio),Double Agent (pre-release),292
Rush,Bootlegs (studio),Driven (AWiP prerelease),266
Rush,Bootlegs (studio),Everyday Glory (pre-release),307
Rush,Bootlegs (studio),Ghost Of A Chance (edit),268
Rush,Bootlegs (studio),Half the World (AWiP prerelease),218
Rush,Bootlegs (studio),It's A Rap Part 2 (Geddy Lee),251
Rush,Bootlegs (studio),Limbo (AWiP prerelease),316
Rush,Bootlegs (studio),Nobody's Hero (Master Edit Version),271
Rush,Bootlegs (studio),Not Fade Away,193
Rush,Bootlegs (studio),One Little Victory (promo CD single),308
Rush,Bootlegs (studio),Red Sector A (promo edit),247
Rush,Bootlegs (studio),Resist (AWiP prerelease),258
Rush,Bootlegs (studio),Secret Touch (radio edit),293
Rush,Bootlegs (studio),Show Don't Tell (Promo Edit),261
Rush,Bootlegs (studio),Stick it Out (pre-release),287
Rush,Bootlegs (studio),Test for Echo (AWiP prerelease),341
Rush,Bootlegs (studio),Test For Echo (radio edit),309
Rush,Bootlegs (studio),The Color of Right (AWiP prerelease),282
Rush,Bootlegs (studio),The Pass (edit),262
Rush,Bootlegs (studio),The Spirit of Radio (First edit),178
Rush,Bootlegs (studio),The Weapon (single),271
Rush,Bootlegs (studio),The Weapon (Ultradisc II edit),383
Rush,Bootlegs (studio),Time and Motion (AWiP prerelease),298
Rush,Bootlegs (studio),Time Stand Still (promo edit),284
Rush,Bootlegs (studio),Time Stand Still (second promo edit),284
Rush,Bootlegs (studio),Tom Sawyer (radio edit),210
Rush,Bootlegs (studio),Totem (AWiP prerelease),297
Rush,Bootlegs (studio),Virtuality (AWiP prerelease),341
Rush,Bootlegs (studio),Virtuality (edit),293
Rush,Bootlegs (studio),You Can't Fight It,175
Rush,Caress of Steel,I Think I'm Going Bald,221
Rush,Caress of Steel,The Necromancer,754
Rush,Caress of Steel,The Fountain Of Lamneth,1199
Rush,Chronicles (CD1),Finding My Way,307
Rush,Chronicles (CD1),Lakeside Park,250
Rush,Chronicles (CD1),What You're Doing llive],341
Rush,Chronicles (CD1),A Farewell to Kings,352
Rush,Chronicles (CD2),A Passage to Bangkok [live],227
Rush,Chronicles (CD2),Red Sector 'A',312
Rush,Chronicles (CD2),Manhattan Project,306
Rush,Chronicles (CD2),Time Stand Still,310
Rush,Chronicles (CD2),Mystic Rhythms [live],342
Rush,Chronicles (CD2),Show Don't Tell,300
Rush,Counterparts,Stick It Out,270
Rush,Counterparts,Cut To The Chase,288
Rush,Counterparts,Nobody's Hero,295
Rush,Counterparts,Between Sun & Moon,277
Rush,Counterparts,Between Sun And Moon,277
Rush,Counterparts,Alien Shore,347
Rush,Counterparts,The Speed Of Love,302
Rush,Counterparts,Double Agent,292
Rush,Counterparts,Cold Fire,267
Rush,Counterparts,Everyday Glory,311
Rush,Different Stages (Disc 1),Dreamline [live],334
Rush,Different Stages (Disc 1),Limelight [live],272
Rush,Different Stages (Disc 1),Driven [live],316
Rush,Different Stages (Disc 1),Bravado [live],383
Rush,Different Stages (Disc 1),Animate [live],388
Rush,Different Stages (Disc 1),Show Don't Tell [live],329
Rush,Different Stages (Disc 1),The Trees [live],328
Rush,Different Stages (Disc 1),Nobody's Hero [live],301
Rush,Different Stages (Disc 1),Closer to the Heart [live],313
Rush,Different Stages (Disc 1),2112 - I. Overture [live],272
Rush,Different Stages (Disc 1),2112 - II. The Temples Of Syrinx [live],140
Rush,Different Stages (Disc 1),2112 - III. Discovery [live],257
Rush,Different Stages (Disc 1),2112 - IV. Presentation [live],220
Rush,Different Stages (Disc 1),2112 - V. Oracle: The Dream [live],109
Rush,Different Stages (Disc 1),2112 - VI. Soliloquy [live],127
Rush,Different Stages (Disc 1),2112 - VII. Grand Finale,157
Rush,Different Stages (Disc 2),Test For Echo,375
Rush,Different Stages (Disc 2),Analog Kid,314
Rush,Different Stages (Disc 2),Freewill,336
Rush,Different Stages (Disc 2),Resist,267
Rush,Different Stages (Disc 2),Leave That Thing Alone,286
Rush,Different Stages (Disc 2),The Rhythm Method - 1997,499
Rush,Different Stages (Disc 2),Natural Science,485
Rush,Different Stages (Disc 2),YYZ,325
Rush,Different Stages (Disc 3),Bastille Day,307
Rush,Different Stages (Disc 3),By-Tor & The Snow Dog,299
Rush,Different Stages (disc 3),By-Tor and The Snow Dog,299
Rush,Different Stages (Disc 3),Farewell To Kings,353
Rush,Different Stages (Disc 3),Something For Nothing,241
Rush,Different Stages (Disc 3),Cygnus X-1,623
Rush,Different Stages (Disc 3),Anthem,287
Rush,Different Stages (Disc 3),Fly By Night,124
Rush,Different Stages (Disc 3),In The Mood,214
Rush,Different Stages (Disc 3),Cinderella Man,309
Rush,Exit Stage Left,Beneath Between & Behind,155
Rush,Exit Stage Left,Jacob's Ladder,526
Rush,Exit Stage Left,Broon's Bane,96
Rush,Feedback,Summertimes Blues,233
Rush,Feedback,For What It's Worth,210
Rush,Feedback,Mr. Soul,231
Rush,Feedback,Mr Soul,231
Rush,Feedback,Seven And Seven Is,173
Rush,Feedback,Shapes Of Things,196
Rush,Fly By Night,Best I Can,208
Rush,Fly By Night,Beneath Between and Behind,185
Rush,Fly By Night,Making Memories,184
Rush,Fly By Night,Rivendell,299
Rush,Grace Under Pressure,Afterimage,305
Rush,Grace Under Pressure,The Enemy Within,276
Rush,Grace Under Pressure,The Body Electric,302
Rush,Grace Under Pressure,Kid Gloves,260
Rush,Grace Under Pressure,Red Lenses,284
Rush,Hemispheres,Cygnus X-1 Book II Hemispheres,1088
Rush,Hemispheres,Cygnus X-1: Book II,1088
Rush,Hemispheres,Circumstances,224
Rush,Hemispheres,La Villa Strangiato,575
Rush,Hold Your Fire,Open Secrets,338
Rush,Hold Your Fire,Second Nature,276
Rush,Hold Your Fire,Prime Mover,321
Rush,Hold Your Fire,Lock And Key,309
Rush,Hold Your Fire,Tai Shan,257
Rush,Hold Your Fire,High Water,333
Rush,Moving Pictures,The Camera Eye,661
Rush,Moving Pictures,Vital Signs,286
Rush,Permanent Waves,Entre Nous,277
Rush,Permanent Waves,Different Strings,230
Rush,Power Windows,Grand Designs,306
Rush,Power Windows,Territories,380
Rush,Power Windows,Middletown Dreams,315
Rush,Power Windows,Emotion Detector,311
Rush,Presto,Chain Lightning,273
Rush,Presto,The Pass,290
Rush,Presto,War Paint,324
Rush,Presto,Scars,247
Rush,Presto,Presto,346
Rush,Presto,Superconductor,287
Rush,Presto,Anagram (For Mongo),239
Rush,Presto,Anagram For Mongo,239
Rush,Presto,Red Tide,270
Rush,Presto,Hand Over Fist,250
Rush,Presto,Available Light,304
Rush,R30 - Disc 1,R30 Overture,402
Rush,R30 - Disc 1,The Spirit Of Radio,305
Rush,R30 - Disc 1,Force Ten,289
Rush,R30 - Disc 1,Animate,349
Rush,R30 - Disc 1,Subdivisions,369
Rush,R30 - Disc 1,Earthshine,341
Rush,R30 - Disc 1,Red Barchetta,409
Rush,R30 - Disc 1,Roll The Bones,382
Rush,R30 - Disc 1,The Seeker,207
Rush,R30 - Disc 1,Tom Sawyer,300
Rush,R30 - Disc 1,Dreamline,320
Rush,R30 - Disc 2,Between The Wheels,377
Rush,R30 - Disc 2,Mystic Rhythms,322
Rush,R30 - Disc 2,Der Trommler,541
Rush,R30 - Disc 2,Heart Full Of Soul,164
Rush,R30 - Disc 2,2112,503
Rush,R30 - Disc 2,Xanadu,403
Rush,R30 - Disc 2,Working Man,373
Rush,R30 - Disc 2,Summertime Blues,221
Rush,R30 - Disc 2,Crossroads,193
Rush,R30 - Disc 2,Limelight,297
Rush,Roll The Bones,Bravado,275
Rush,Roll The Bones,Face Up,234
Rush,Roll The Bones,Where's My Thing? (Part IV "Gangster Of Boats" Trilogy),229
Rush,Roll the Bones,Where's My Thing,229
Rush,Roll The Bones,The Big Wheel,312
Rush,Roll The Bones,Heresy,325
Rush,Roll The Bones,Ghost of a Chance,318
Rush,Roll The Bones,Neurotica,280
Rush,Roll The Bones,You Bet Your Life,299
Rush,Rush,Need Some Love,141
Rush,Rush,Take A Friend,267
Rush,Rush,Here Again,457
Rush,Rush,What You're Doing,264
Rush,Rush,Before And After,336
Rush,Rush in Rio (Disc 1),Free Will,348
Rush,Rush In Rio (Disc 2),Driven,322
Rush,Rush In Rio (Disc 2),O Baterista,534
Rush,Signals-Mobile Fidelity Sound Labs,The Analog Kid,287
Rush,Signals-Mobile Fidelity Sound Labs,Chemistry,297
Rush,Signals-Mobile Fidelity Sound Labs,Digital Man,382
Rush,Signals-Mobile Fidelity Sound Labs,The Weapon,384
Rush,Signals-Mobile Fidelity Sound Labs,Losing It,292
Rush,Signals-Mobile Fidelity Sound Labs,Countdown,349
Rush,Test For Echo,Half the World,222
Rush,Test For Echo,The Color of Right,288
Rush,Test For Echo,Time And Motion,301
Rush,Test For Echo,Totem,298
Rush,Test For Echo,Dog Years,295
Rush,Test For Echo,Virtuality,343
Rush,Test For Echo,Limbo,328
Rush,Test For Echo,Carve Away the Stone,245
Rush,Vapor Trails,One Little Victory,308
Rush,Vapor Trails,Ceiling Unlimited,328
Rush,Vapor Trails,Ghost Rider,341
Rush,Vapor Trails,Peaceable Kingdom,323
Rush,Vapor Trails,The Stars Look Down,268
Rush,Vapor Trails,How It Is,245
Rush,Vapor Trails,Vapor Trail,297
Rush,Vapor Trails,Secret Touch,394
Rush,Vapor Trails,Sweet Miracle,220
Rush,Vapor Trails,Nocturne,289
Rush,Vapor Trails,Freeze (Part IV of "Fear"),381
Rush,Vapor Trails,Freeze,381
Rush,Vapor Trails,Out Of The Cradle,303
Tom Petty and the Heartbreakers,Damn the Torpedoes,Refugee,202
Tom Petty and the Heartbreakers,Damn the Torpedoes,Here Comes My Girl,266
Tom Petty and the Heartbreakers,Damn the Torpedoes,Even the Losers,240
Tom Petty and the Heartbreakers,Damn the Torpedoes,Shadow of a Doubt,265
Tom Petty and the Heartbreakers,Damn the Torpedoes,Century City,225
Tom Petty and the Heartbreakers,Damn the Torpedoes,Don't Do Me Like That,164
Tom Petty and the Heartbreakers,Damn the Torpedoes,You Tell Me,274
Tom Petty and the Heartbreakers,Damn the Torpedoes,What are You Doin' in My Life,206
Tom Petty and the Heartbreakers,Damn the Torpedoes,Louisiana Rain,353
Tom Petty and the Heartbreakers,Echo,Room At the Top,300
Tom Petty and the Heartbreakers,Echo,Counting On You,245
Tom Petty and the Heartbreakers,Echo,Free Girl Now,210
Tom Petty and the Heartbreakers,Echo,Lonesome Sundown,272
Tom Petty and the Heartbreakers,Echo,Swingin',330
Tom Petty and the Heartbreakers,Echo,Accused of Love,165
Tom Petty and the Heartbreakers,Echo,Echo,396
Tom Petty and the Heartbreakers,Echo,Won't Last Long,262
Tom Petty and the Heartbreakers,Echo,Billy the Kid,248
Tom Petty and the Heartbreakers,Echo,I Don't Wanna Fight,168
Tom Petty and the Heartbreakers,Echo,This One's For Me,162
Tom Petty and the Heartbreakers,Echo,No More,195
Tom Petty and the Heartbreakers,Echo,About To Give Out,192
Tom Petty and the Heartbreakers,Echo,Rhino Skin,237
Tom Petty and the Heartbreakers,Echo,One More Day One More Night,337
Tom Petty and the Heartbreakers,Full Moon Fever,Free Fallin',256
Tom Petty and the Heartbreakers,Full Moon Fever,I Won't Back Down,178
Tom Petty and the Heartbreakers,Full Moon Fever,Love Is A Long Road,247
Tom Petty and the Heartbreakers,Full Moon Fever,A Face In The Crowd,239
Tom Petty and the Heartbreakers,Full Moon Fever,Runnin' Down A Dream,292
Tom Petty and the Heartbreakers,Full Moon Fever,Feel A Whole Lot Better,169
Tom Petty and the Heartbreakers,Full Moon Fever,Yer So Bad,185
Tom Petty and the Heartbreakers,Full Moon Fever,Depending On You,168
Tom Petty and the Heartbreakers,Full Moon Fever,The Apartment Song,152
Tom Petty and the Heartbreakers,Full Moon Fever,Alright For Now,120
Tom Petty and the Heartbreakers,Full Moon Fever,A Mind With A Heart Of It's Ow,211
Tom Petty and the Heartbreakers,Full Moon Fever,Zombie Zoo,178
Tom Petty and the Heartbreakers,Greatest Hits,American Girl,213
Tom Petty and the Heartbreakers,Greatest Hits,Breakdown,162
Tom Petty and the Heartbreakers,Greatest Hits,Listen To Her Heart,183
Tom Petty and the Heartbreakers,Greatest Hits,I Need to Know,143
Tom Petty and the Heartbreakers,Greatest Hits,The Waiting,239
Tom Petty and the Heartbreakers,Greatest Hits,You Got Lucky,216
Tom Petty and the Heartbreakers,Greatest Hits,Don't Come Around Here No More,304
Tom Petty and the Heartbreakers,Greatest Hits,Learning to Fly,241
Tom Petty and the Heartbreakers,Greatest Hits,Into the Great Wide Open,224
Tom Petty and the Heartbreakers,Greatest Hits,Mary Jane's Last Dance,273
Tom Petty and the Heartbreakers,Greatest Hits,Something in the Air,198
Tom Petty and the Heartbreakers,Hard Promises,A Woman in Love,261
Tom Petty and the Heartbreakers,Hard Promises,Nightwatchman,239
Tom Petty and the Heartbreakers,Hard Promises,Something Big,284
Tom Petty and the Heartbreakers,Hard Promises,Kings Road,206
Tom Petty and the Heartbreakers,Hard Promises,Letting You Go,204
Tom Petty and the Heartbreakers,Hard Promises,A Thing About You,212
Tom Petty and the Heartbreakers,Hard Promises,Insider,263
Tom Petty and the Heartbreakers,Hard Promises,The Criminal Kind,240
Tom Petty and the Heartbreakers,Hard Promises,You Can Still Change Your Mind,255
Tom Petty and the Heartbreakers,Into The Great Wide Open,Kings Highway,188
Tom Petty and the Heartbreakers,Into The Great Wide Open,Two Gunslingers,189
Tom Petty and the Heartbreakers,Into The Great Wide Open,The Dark Of The Sun,203
Tom Petty and the Heartbreakers,Into The Great Wide Open,All Or Nothin',247
Tom Petty and the Heartbreakers,Into The Great Wide Open,All The Wrong Reasons,226
Tom Petty and the Heartbreakers,Into The Great Wide Open,Too Good To Be True,239
Tom Petty and the Heartbreakers,Into The Great Wide Open,Out In The Cold,220
Tom Petty and the Heartbreakers,Into The Great Wide Open,You And I Will Meet Again,222
Tom Petty and the Heartbreakers,Into The Great Wide Open,Makin' Some Noise,207
Tom Petty and the Heartbreakers,Into The Great Wide Open,Built To Last,240
Tom Petty and the Heartbreakers,Let Me Up (I've Had Enough),Jammin' Me,249
Tom Petty and the Heartbreakers,Let Me Up (I've Had Enough),Runaway Trains,314
Tom Petty and the Heartbreakers,Let Me Up (I've Had Enough),The Damage You've Done,233
Tom Petty and the Heartbreakers,Let Me Up (I've Had Enough),It'll All Work Out,191
Tom Petty and the Heartbreakers,Let Me Up (I've Had Enough),My Life Your World,280
Tom Petty and the Heartbreakers,Let Me Up (I've Had Enough),Think About Me,225
Tom Petty and the Heartbreakers,Let Me Up (I've Had Enough),All Mixed Up,222
Tom Petty and the Heartbreakers,Let Me Up (I've Had Enough),A Self-Made Man,182
Tom Petty and the Heartbreakers,Let Me Up (I've Had Enough),Ain't Love Strange,160
Tom Petty and the Heartbreakers,Let Me Up (I've Had Enough),How Many More Days,198
Tom Petty and the Heartbreakers,Let Me Up (I've Had Enough),Let Me Up,213
Tom Petty and the Heartbreakers,Long After Dark,A One Story Town,186
Tom Petty and the Heartbreakers,Long After Dark,Deliver Me,208
Tom Petty and the Heartbreakers,Long After Dark,Change Of Heart,198
Tom Petty and the Heartbreakers,Long After Dark,Finding Out,216
Tom Petty and the Heartbreakers,Long After Dark,We Stand A Chance,218
Tom Petty and the Heartbreakers,Long After Dark,Straight Into Darkness,229
Tom Petty and the Heartbreakers,Long After Dark,The Same Old You,211
Tom Petty and the Heartbreakers,Long After Dark,Between Two Worlds,312
Tom Petty and the Heartbreakers,Long After Dark,A Wasted Life,276
Tom Petty and the Heartbreakers,Southern Accents,Rebels,321
Tom Petty and the Heartbreakers,Southern Accents,It Ain't Nothing To Me,312
Tom Petty and the Heartbreakers,Southern Accents,Southern Accents,284
Tom Petty and the Heartbreakers,Southern Accents,Make It Better,263
Tom Petty and the Heartbreakers,Southern Accents,Spike,212
Tom Petty and the Heartbreakers,Southern Accents,Dogs On the Run,220
Tom Petty and the Heartbreakers,Southern Accents,Mary's New Car,227
Tom Petty and the Heartbreakers,Southern Accents,The Best of Everything,243
Tom Petty and the Heartbreakers,The Last Dj,The Last Dj,228
Tom Petty and the Heartbreakers,The Last Dj,Money Becomes King,310
Tom Petty and the Heartbreakers,The Last Dj,Dreamville,226
Tom Petty and the Heartbreakers,The Last Dj,Joe,195
Tom Petty and the Heartbreakers,The Last Dj,When a Kid Goes Bad,296
Tom Petty and the Heartbreakers,The Last Dj,Like a Diamond,272
Tom Petty and the Heartbreakers,The Last Dj,Lost Children,268
Tom Petty and the Heartbreakers,The Last Dj,Blue Sunday,176
Tom Petty and the Heartbreakers,The Last Dj,You And Me,190
Tom Petty and the Heartbreakers,The Last Dj,The Man Who Loves Women,173
Tom Petty and the Heartbreakers,The Last Dj,Have Love Will Travel,245
Tom Petty and the Heartbreakers,The Last Dj,Can't Stop the Sun,300
Tom Petty and the Heartbreakers,Tom Petty And the Heartbreakers,Rockin' Around With You,149
Tom Petty and the Heartbreakers,Tom Petty And the Heartbreakers,Hometown Blues,134
Tom Petty and the Heartbreakers,Tom Petty And the Heartbreakers,The Wild One Forever,182
Tom Petty and the Heartbreakers,Tom Petty And the Heartbreakers,Anything That's Rock 'n' Roll,144
Tom Petty and the Heartbreakers,Tom Petty And the Heartbreakers,Strangered in the Night,213
Tom Petty and the Heartbreakers,Tom Petty And the Heartbreakers,Fooled Again I Don't Like it,229
Tom Petty and the Heartbreakers,Tom Petty And the Heartbreakers,Mystery Man,183
Tom Petty and the Heartbreakers,Tom Petty And the Heartbreakers,Luna,238
Tom Petty and the Heartbreakers,Wildflowers,Wildflowers,191
Tom Petty and the Heartbreakers,Wildflowers,You Don't Know How It Feels,289
Tom Petty and the Heartbreakers,Wildflowers,Time To Move On,195
Tom Petty and the Heartbreakers,Wildflowers,You Wreck Me,202
Tom Petty and the Heartbreakers,Wildflowers,It's Good To Be King,310
Tom Petty and the Heartbreakers,Wildflowers,Only A Broken Heart,270
Tom Petty and the Heartbreakers,Wildflowers,Honey Bee,298
Tom Petty and the Heartbreakers,Wildflowers,Don't Fade On Me,212
Tom Petty and the Heartbreakers,Wildflowers,Hard On Me,228
Tom Petty and the Heartbreakers,Wildflowers,Cabin Down Below,171
Tom Petty and the Heartbreakers,Wildflowers,To Find A Friend,203
Tom Petty and the Heartbreakers,Wildflowers,A Higher Place,236
Tom Petty and the Heartbreakers,Wildflowers,House In The Woods,332
Tom Petty and the Heartbreakers,Wildflowers,Crawling Back To You,305
Tom Petty and the Heartbreakers,Wildflowers,Wake Up Time,319
Tom Petty and the Heartbreakers,You're Gonna Get It,When The Time Comes,166
Tom Petty and the Heartbreakers,You're Gonna Get It,You're Gonna Get It,179
Tom Petty and the Heartbreakers,You're Gonna Get It,Hurt,198
Tom Petty and the Heartbreakers,You're Gonna Get It,Magnolia,181
Tom Petty and the Heartbreakers,You're Gonna Get It,Too Much Ain't Enough,177
Tom Petty and the Heartbreakers,You're Gonna Get It,No Second Thoughts,161
Tom Petty and the Heartbreakers,You're Gonna Get It,Restless,202
Tom Petty and the Heartbreakers,You're Gonna Get It,Baby's A Rock 'N' Roller,173
U2,Achtung Baby,Zoo Station,276
U2,Achtung Baby,Who's Gonna Ride Your Wild Horses,316
U2,Achtung Baby,So Cruel,349
U2,Achtung Baby,The Fly,269
U2,Achtung Baby,Tryin' To Throw Your Arms Around The World,232
U2,Achtung Baby,Ultra Violet (Light My Way),330
U2,Achtung Baby,Acrobat,270
U2,Achtung Baby,Love Is Blindness,263
U2,All That You Can't Leave Behind,Stuck in a Moment You Can't Ge,272
U2,All That You Can't Leave Behind,Elevation,227
U2,All That You Can't Leave Behind,Walk on,296
U2,All That You Can't Leave Behind,Kite,266
U2,All That You Can't Leave Behind,In a Little While,219
U2,All That You Can't Leave Behind,Wild Honey,226
U2,All That You Can't Leave Behind,Peace on Earth,288
U2,All That You Can't Leave Behind,When I Look at the World,257
U2,All That You Can't Leave Behind,New York,330
U2,All That You Can't Leave Behind,Grace,330
U2,Boy,I Will Follow,217
U2,Boy,Twilight,262
U2,Boy,An Cat Dubh Into the Heart,494
U2,Boy,Out of Control,254
U2,Boy,Stories for Boys,182
U2,Boy,The Ocean,95
U2,Boy,A Day Without Me,193
U2,Boy,Another Time Another Place,273
U2,Boy,The Electric Co,287
U2,Boy,Shadows and Tall Trees,275
U2,How to Dismantle An Atomic Bomb,Vertigo,194
U2,How to Dismantle An Atomic Bomb,Miracle Drug,239
U2,How to Dismantle An Atomic Bomb,Sometimes You Can't Make it on,308
U2,How To Dismantle An Atomic Bomb,Sometimes You Can't Make It On Your Own,308
U2,How to Dismantle An Atomic Bomb,Love And Peace Or Else,290
U2,How to Dismantle An Atomic Bomb,City of Blinding Lights,347
U2,How to Dismantle An Atomic Bomb,All Because of You,219
U2,How to Dismantle An Atomic Bomb,A Man And a Woman,270
U2,How to Dismantle An Atomic Bomb,Crumbs From Your Table,303
U2,How to Dismantle An Atomic Bomb,One Step Closer,231
U2,How to Dismantle An Atomic Bomb,Original of the Species,281
U2,How to Dismantle An Atomic Bomb,Yahweh,261
U2,October,Gloria,252
U2,October,I Fall Down,219
U2,October,I Threw a Brick Through a Window,294
U2,October,Rejoice,218
U2,October,Fire,231
U2,October,Tomorrow,279
U2,October,October,140
U2,October,With a Shout,242
U2,October,Stranger in a Strange Land,236
U2,October,Scarlet,174
U2,October,Is That All,180
U2,Pop,Discoth√É¬®que,319
U2,Pop,Do you feel loved,307
U2,Pop,Mofo,349
U2,Pop,If god will send his angels,322
U2,Pop,Staring at the sun,276
U2,Pop,Last night on earth,285
U2,Pop,Gone,266
U2,Pop,Miami,293
U2,Pop,The playboy mansion,280
U2,Pop,If you wear that velvet dress,315
U2,Pop,Please,302
U2,Pop,Wake up dead man,292
U2,Rattle And Hum,Helter Skelter (Live),187
U2,Rattle And Hum,Van Diemen's Land (Live),186
U2,Rattle And Hum,Desire (Live),179
U2,Rattle And Hum,Hawkmoon 269 (Live),382
U2,Rattle And Hum,All Along The Watchtower (Live),264
U2,Rattle And Hum,I Still Haven't Found What I'm Looking For (Live),353
U2,Rattle And Hum,Freedom For My People (Live),38
U2,Rattle And Hum,Silver And Gold (Live),349
U2,Rattle And Hum,Pride (In The Name Of Love) (Live),267
U2,Rattle And Hum,Angel Of Harlem (Live),229
U2,Rattle And Hum,Love Rescue Me (Live),384
U2,Rattle And Hum,When Love Comes To Town (Live),255
U2,Rattle And Hum,Heartland (Live),303
U2,Rattle And Hum,God Part II (Live),195
U2,Rattle And Hum,The Star Spangled Banner (Live),43
U2,Rattle And Hum,Bullet The Blue Sky (Live),336
U2,Rattle And Hum,All I Want Is You (Live),390
U2,The Best of 1980-1990,Pride (in the Name of Love),229
U2,The Best of 1980-1990,New Year's Day,258
U2,The Best of 1980-1990,With Or Without You,298
U2,The Best of 1980-1990,I Still Haven't Found What I'm,280
U2,The Best of 1980-1990,Sunday Bloody Sunday,281
U2,The Best of 1980-1990,Bad,351
U2,The Best of 1980-1990,Where the Streets Have No Name,276
U2,The Best of 1980-1990,The Unforgettable Fire,295
U2,The Best of 1980-1990,Sweetest Thing (the Single Mix,183
U2,The Best of 1980-1990,Desire,179
U2,The Best of 1980-1990,When Love Comes to Town,258
U2,The Best of 1980-1990,Angel of Harlem,230
U2,The Best of 1990-2000,Even Better Than the Real Thing,221
U2,The Best of 1990-2000,Even Better Than the Real Thin,221
U2,The Best of 1990-2000,Mysterious Ways,243
U2,The Best of 1990-2000,Beautiful Day,248
U2,The Best of 1990-2000,Electrical Storm (William Orbit Mix),279
U2,The Best of 1990-2000,Electrical Storm,279
U2,The Best of 1990-2000,One,275
U2,The Best of 1990-2000,Miss Sarajevo,272
U2,The Best of 1990-2000,Stay (Faraway So Close!),299
U2,The Best of 1990-2000,Stay Faraway So Close,299
U2,The Best of 1990-2000,Stuck in a Moment You Can't Get Out Of,274
U2,The Best of 1990-2000,Gone (New Mix),274
U2,The Best of 1990-2000,Until the End of the World,280
U2,The Best of 1990-2000,The Hands That Built America (Theme From 'Gangs Of New York'),298
U2,The Best of 1990-2000,The Hands That Built America,298
U2,The Best of 1990-2000,Discoth√®que (New Mix),282
U2,The Best of 1990-2000,Discotheque,282
U2,The Best of 1990-2000,Hold Me Thrill Me Kiss Me Kill Me,285
U2,The Best of 1990-2000,Hold Me Thrill Me Kiss Me K,285
U2,The Best of 1990-2000,Staring at the Sun (New Mix),289
U2,The Best of 1990-2000,Numb (New Mix),263
U2,The Best of 1990-2000,Numb,263
U2,The Best of 1990-2000,The First Time,224
U2,The Joshua Tree,Bullet the Blue Sky,272
U2,The Joshua Tree,Running to Stand Still,258
U2,The Joshua Tree,Red Hill Mining Town,293
U2,The Joshua Tree,In God's Country,177
U2,The Joshua Tree,Trip Through Your Wires,212
U2,The Joshua Tree,One Tree Hill,283
U2,The Joshua Tree,Exit,293
U2,The Joshua Tree,Mothers of the Disappeared,312
U2,The Unforgettable Fire,A Sort of Homecoming,328
U2,The Unforgettable Fire,Pride,229
U2,The Unforgettable Fire,Wire,259
U2,The Unforgettable Fire,Promenade,154
U2,The Unforgettable Fire,4th of July,134
U2,The Unforgettable Fire,Indian Summer Sky,259
U2,The Unforgettable Fire,Elvis Presley and America,382
U2,The Unforgettable Fire,MLK,154
U2,War,Seconds,190
U2,War,Like a Song,286
U2,War,Drowning Man,255
U2,War,The Refugee,220
U2,War,Two Hearts Beat as One,243
U2,War,Red Light,226
U2,War,Surrender,334
U2,War,40,155
U2,Zooropa,Zooropa,391
U2,Zooropa,Babyface,241
U2,Zooropa,Lemon,418
U2,Zooropa,Stay,298
U2,Zooropa,Daddy's Gonna Pay For Your Crashed Car,320
U2,Zooropa,Some Days Are Better Than Others,257
U2,Zooropa,Dirty Day,324
U2,Zooropa,The Wanderer,341
